epoch,balanced_accuracy_AtLeast2FreightWagons,balanced_accuracy_AtLeast2LongWagons,balanced_accuracy_AtLeast2PassengerCars,balanced_accuracy_AtLeast3Wagons,balanced_accuracy_EmptyWagon,balanced_accuracy_FreightWagon,balanced_accuracy_LongPassengerCar,balanced_accuracy_LongWagon,balanced_accuracy_PassengerCar,balanced_accuracy_ReinforcedCar,correlation_AtLeast2FreightWagons,correlation_AtLeast2LongWagons,correlation_AtLeast2PassengerCars,correlation_AtLeast3Wagons,correlation_EmptyWagon,correlation_FreightWagon,correlation_LongPassengerCar,correlation_LongWagon,correlation_PassengerCar,correlation_ReinforcedCar
0,0.5,0.5,0.7387905120849609,0.6535763740539551,0.6575833559036255,0.5,0.5001490116119385,0.4933444857597351,0.4981886148452759,0.653576135635376,nan,-0.0078032598830759525,0.2094990313053131,0.39465758204460144,0.4228176772594452,0.0024372264742851257,0.03701036423444748,0.06333434581756592,0.0814342126250267,0.4184274673461914
1,0.5,0.5,0.7391756772994995,0.7463150024414062,0.6266599893569946,0.5,0.5057418346405029,0.4807552993297577,0.5025507211685181,0.6594154834747314,nan,0.007506272289901972,0.18815965950489044,0.4729580581188202,0.32819664478302,nan,0.11614283919334412,0.14069010317325592,0.13348418474197388,0.4081697463989258

2,0.5,0.5,0.5,0.5,0.5,0.5,0.5,0.5,0.5,0.5,-0.013532968237996101,-0.006671856623142958,-0.00666198180988431,-0.019317541271448135,nan,-0.011503657326102257,-0.00739181088283658,nan,nan,-0.00537260714918375
3,0.5,0.5,0.5,0.5,0.5,0.5,0.5,0.5,0.5,0.5,-0.013532968237996101,-0.006671856623142958,-0.00666198180988431,-0.019317541271448135,nan,-0.011503657326102257,-0.00739181088283658,nan,nan,-0.00537260714918375
4,0.5,0.5,0.5,0.5,0.5,0.5,0.5,0.5,0.5,0.5,-0.013532968237996101,-0.006671856623142958,-0.00666198180988431,-0.019317541271448135,nan,-0.011503657326102257,-0.00739181088283658,nan,nan,-0.00537260714918375
5,0.5,0.5,0.5,0.5,0.5,0.5,0.5,0.5,0.5,0.5,-0.013532968237996101,-0.006671856623142958,-0.00666198180988431,-0.019317541271448135,nan,-0.011503657326102257,-0.00739181088283658,nan,nan,-0.00537260714918375

