epoch,balanced_accuracy,balanced_accuracy_Other,balanced_accuracy_TypeA,balanced_accuracy_TypeB,balanced_accuracy_TypeC,balanced_accuracy_const_1,elapsed,mean_valid
0,0.9363771677017212,0.9884675741195679,0.9617583751678467,0.9872221350669861,0.9363771677017212,nan,183.56146574020386,0.9992316537984213
1,0.966079831123352,0.9899241924285889,0.966079831123352,0.9900150299072266,0.9710403680801392,nan,181.56709361076355,0.9992334799702962

2,0.5,0.5,0.5,0.5,0.5,nan,180.9445993900299,0.0
3,0.5,0.5,0.5,0.5,0.5,nan,209.11616253852844,0.0
4,0.5,0.5,0.5,0.5,0.5,nan,205.860613822937,0.0
5,0.5,0.5,0.5,0.5,0.5,nan,203.33019161224365,0.0

