epoch,loss,epoch_elapsed
0,0.05507984757423401,68.05540537834167
1,0.05513281002640724,65.68698692321777
2,0.05509554222226143,65.13472557067871
3,0.055095721036195755,68.2407968044281
4,0.055095281451940536,68.2110607624054
5,0.055089905858039856,65.70775485038757
6,0.055106863379478455,68.28057551383972
7,0.055086877197027206,68.13528680801392
8,0.05508727207779884,65.46636176109314
9,0.05508873984217644,68.22511649131775
10,0.055097147822380066,68.46784663200378
