epoch,balanced_accuracy,balanced_accuracy_Other,balanced_accuracy_TypeA,balanced_accuracy_TypeB,balanced_accuracy_TypeC,balanced_accuracy_const_1,elapsed,mean_valid
0,0.8928543925285339,0.9444828033447266,0.9386283755302429,0.9379982352256775,0.8928543925285339,nan,185.36067914962769,0.9990213257344563
1,0.892027735710144,0.9786316156387329,0.9673246145248413,0.971770167350769,0.892027735710144,nan,182.37815856933594,0.9987195543924967
2,0.9523980617523193,0.9841208457946777,0.976621150970459,0.9766268134117126,0.9523980617523193,nan,181.71858954429626,0.9987534986368816

3,0.9712702631950378,0.9852555990219116,0.9866245985031128,0.9822672605514526,0.9712702631950378,nan,182.70431780815125,0.9983493440755208

4,0.9723610281944275,0.9790866374969482,0.9825639724731445,0.9797805547714233,0.9723610281944275,nan,179.74067950248718,0.9988316700236003
5,0.9635961055755615,0.9863570332527161,0.9799858331680298,0.9833108186721802,0.9635961055755615,nan,179.5835886001587,0.9976975725301107

