epoch,balanced_accuracy_AtLeast2FreightWagons,balanced_accuracy_AtLeast2LongWagons,balanced_accuracy_AtLeast2PassengerCars,balanced_accuracy_AtLeast3Wagons,balanced_accuracy_EmptyWagon,balanced_accuracy_FreightWagon,balanced_accuracy_LongPassengerCar,balanced_accuracy_LongWagon,balanced_accuracy_PassengerCar,balanced_accuracy_ReinforcedCar,correlation_AtLeast2FreightWagons,correlation_AtLeast2LongWagons,correlation_AtLeast2PassengerCars,correlation_AtLeast3Wagons,correlation_EmptyWagon,correlation_FreightWagon,correlation_LongPassengerCar,correlation_LongWagon,correlation_PassengerCar,correlation_ReinforcedCar
0,0.5,0.5,0.5,0.7356148958206177,0.5681943297386169,0.5,0.5,0.5,0.500487744808197,0.5,nan,nan,-0.007931236177682877,0.8843639492988586,0.15267109870910645,nan,nan,nan,0.05629410222172737,-0.11989745497703552
1,0.5,0.5,0.5,0.8250882625579834,0.6179286241531372,0.5,0.5,0.620328426361084,0.48151522874832153,0.5989730358123779,nan,nan,-0.0020664173644036055,0.7283790111541748,0.01809019409120083,-0.001065820804797113,nan,0.3289089500904083,-0.026479387655854225,0.24066191911697388

2,0.5,0.49990931153297424,0.4999443292617798,0.8945547938346863,0.6243768334388733,0.5,0.5,0.5810129642486572,0.5062142014503479,0.6500487923622131,0.0059164054691791534,-0.009651619009673595,-0.004430566914379597,0.6958171725273132,0.05496184155344963,0.0011082569835707545,-0.0018082389142364264,0.2700263559818268,0.193979874253273,0.34515830874443054

3,0.5,0.5,0.5,0.8834967613220215,0.5625026822090149,0.5,0.4999924898147583,0.6100684404373169,0.5026196241378784,0.6464996337890625,-0.004362388048321009,nan,-0.0015721017261967063,0.6677976846694946,-0.08151394128799438,0.0023949872702360153,-0.0030727542471140623,0.2797810435295105,0.11969676613807678,0.31265494227409363
4,0.5,0.5000348091125488,0.4999930262565613,0.8895790576934814,0.5954185724258423,0.5001674294471741,0.5,0.5896710753440857,0.49012747406959534,0.647102952003479,-0.008284010924398899,0.007434828206896782,-0.0025062996428459883,0.6679818630218506,-0.04945148900151253,0.01122990157455206,-0.001827333471737802,0.20965895056724548,0.15653039515018463,0.2526877224445343
5,0.5,0.5,0.5,0.8926008939743042,0.5735030770301819,0.5,0.4999849796295166,0.6201282739639282,0.46952131390571594,0.6477566957473755,nan,nan,-0.0007653242792002857,0.6727187633514404,-0.1480035036802292,nan,-0.0018308991566300392,0.27729862928390503,0.014570075087249279,0.2954883575439453

