epoch,balanced_accuracy,balanced_accuracy_Other,balanced_accuracy_TypeA,balanced_accuracy_TypeB,balanced_accuracy_TypeC,balanced_accuracy_const_1,elapsed,mean_valid
0,0.5,0.7475881576538086,0.5004318356513977,0.8491714000701904,0.5,nan,183.91877102851868,0.9922977558390299
1,0.9520622491836548,0.9822845458984375,0.9520622491836548,0.9715606570243835,0.9558435082435608,nan,201.5738959312439,0.9994871871439616

2,0.9860979914665222,0.9936226606369019,0.9860979914665222,0.9921156167984009,0.9869881868362427,nan,179.25585174560547,0.9980394787597656

3,0.9730870723724365,0.9938445091247559,0.9851189851760864,0.9931524991989136,0.9730870723724365,nan,185.6770806312561,0.9995085967000326
4,0.9890223741531372,0.9948487281799316,0.9890223741531372,0.9911764860153198,0.9901771545410156,nan,182.4220633506775,0.9989508061726888
5,0.9920002222061157,0.9965746998786926,0.9920002222061157,0.9949929714202881,0.9930462837219238,nan,183.97595500946045,0.9991691872151692

