epoch,balanced_accuracy,balanced_accuracy_Other,balanced_accuracy_TypeA,balanced_accuracy_TypeB,balanced_accuracy_TypeC,balanced_accuracy_const_1,elapsed,mean_valid
0,0.7132518291473389,0.8731908798217773,0.7132518291473389,0.9207746982574463,0.7900831699371338,nan,208.63712906837463,0.9997332389831542
1,0.9194751381874084,0.9544236660003662,0.9542886018753052,0.9629111289978027,0.9194751381874084,nan,205.10467147827148,0.9991268611653645

2,0.9501256942749023,0.9724557995796204,0.9720547795295715,0.9738821983337402,0.9501256942749023,nan,204.34933876991272,0.9990812916056315

3,0.9438605308532715,0.9798850417137146,0.9783474206924438,0.9791436195373535,0.9438605308532715,nan,206.85565972328186,0.9990498939005534
4,0.9500323534011841,0.9789788126945496,0.9864794015884399,0.982459545135498,0.9500323534011841,nan,204.94118881225586,0.9987777415466309
5,0.9550832509994507,0.9835087060928345,0.9884825944900513,0.9837205410003662,0.9550832509994507,nan,204.60406804084778,0.9987926797485351

