epoch,loss,epoch_elapsed
0,0.0551498606801033,66.37194538116455
1,0.055144455283880234,66.21061253547668
2,0.055092331022024155,69.0621690750122
3,0.05509408190846443,69.53899192810059
4,0.055094704031944275,69.1755301952362
5,0.055090419948101044,69.09328889846802
6,0.055108048021793365,68.92637753486633
7,0.0550868920981884,104.33200883865356
8,0.05508724972605705,68.96975684165955
9,0.05508873611688614,66.88106966018677
10,0.05509715527296066,66.5781922340393
