epoch,balanced_accuracy,balanced_accuracy_Other,balanced_accuracy_TypeA,balanced_accuracy_TypeB,balanced_accuracy_TypeC,balanced_accuracy_const_1,elapsed,mean_valid
0,0.9742237329483032,0.989393949508667,0.9785404205322266,0.983565628528595,0.9742237329483032,nan,207.1284477710724,0.9982409351094563
1,0.9860618114471436,0.9939850568771362,0.9883124232292175,0.9921748042106628,0.9860618114471436,nan,204.47503566741943,0.9990100455220541

2,0.9875127077102661,0.9941840767860413,0.9878253936767578,0.99201500415802,0.9875127077102661,nan,204.66861987113953,0.999366067199707
3,0.9894471168518066,0.9945635795593262,0.990168571472168,0.99396151304245,0.9894471168518066,nan,206.8599832057953,0.9995908340454102
4,0.9898368120193481,0.9939178228378296,0.9934113025665283,0.9921849370002747,0.9898368120193481,nan,204.96020984649658,0.9995888352966309
5,0.9675726294517517,0.9900069236755371,0.9675726294517517,0.9866187572479248,0.9678462147712708,nan,204.81726145744324,0.9996985137939454

