epoch,loss,epoch_elapsed
0,0.055144052952528,263.26369881629944
1,0.05514080822467804,261.9921295642853
2,0.055101796984672546,262.46812105178833
3,0.055093418806791306,262.631028175354
4,0.05509224534034729,262.84837079048157
5,0.055089060217142105,260.4325144290924
6,0.0551166757941246,260.48710227012634
7,0.05508684366941452,261.21943640708923
8,0.05508725717663765,268.4095823764801
9,0.05508873239159584,265.49691128730774
10,0.0550970584154129,266.17415833473206
