epoch,balanced_accuracy,balanced_accuracy_Other,balanced_accuracy_TypeA,balanced_accuracy_TypeB,balanced_accuracy_TypeC,balanced_accuracy_const_1,elapsed,mean_valid
0,0.9879541397094727,0.9934685826301575,0.9882422685623169,0.9912999272346497,0.9879541397094727,nan,187.91995906829834,0.9991285514831543
1,0.9870427846908569,0.9958086013793945,0.9915833473205566,0.9939595460891724,0.9870427846908569,nan,204.4535894393921,0.9997740313720703
2,0.9895337820053101,0.9966690540313721,0.9895337820053101,0.9952830076217651,0.9929109215736389,nan,183.4385166168213,0.9997644671122233
3,0.9886501431465149,0.9924496412277222,0.991753101348877,0.992558479309082,0.9886501431465149,nan,216.3023543357849,0.999603300374349
4,0.9927135705947876,0.9971523284912109,0.9939849376678467,0.9959415197372437,0.9927135705947876,nan,207.33107352256775,0.999639430847168
5,0.9892879128456116,0.9964002966880798,0.9892879128456116,0.9963557124137878,0.9912521839141846,nan,198.18630170822144,0.999782469736735

