epoch,loss,epoch_elapsed
0,0.05513984337449074,268.48670411109924
1,0.05514425039291382,68.99207806587219
2,0.05509728565812111,67.13842749595642
3,0.05508890748023987,67.80013370513916
4,0.05508476495742798,66.64701199531555
5,0.055084921419620514,66.06344413757324
6,0.05511387437582016,68.78483128547668
7,0.0550813265144825,68.50432896614075
8,0.0550810880959034,69.75948596000671
9,0.055083245038986206,69.42709422111511
10,0.05509146675467491,69.53246331214905
