{
    "best_experiment": {
        "name": "L64",
        "results": {
            "train": {
                "epoch": 27,
                "loss": 0.007564820349216461,
                "epoch_elapsed": 875.0574250221252
            },
            "val": {
                "epoch": 27,
                "loss": 0.007775536738336086,
                "epoch_elapsed": 66.91542077064514
            }
        }
    },
    "experiments": {
        "L16": {
            "train": {
                "epoch": 30,
                "loss": 0.008153153583407402,
                "epoch_elapsed": 865.7029321193695
            },
            "val": {
                "epoch": 30,
                "loss": 0.008218863047659397,
                "epoch_elapsed": 66.01604866981506
            }
        },
        "L32": {
            "train": {
                "epoch": 27,
                "loss": 0.008618652820587158,
                "epoch_elapsed": 869.4588823318481
            },
            "val": {
                "epoch": 27,
                "loss": 0.008528181351721287,
                "epoch_elapsed": 66.37544870376587
            }
        },
        "L64": {
            "train": {
                "epoch": 27,
                "loss": 0.007564820349216461,
                "epoch_elapsed": 875.0574250221252
            },
            "val": {
                "epoch": 27,
                "loss": 0.007775536738336086,
                "epoch_elapsed": 66.91542077064514
            }
        },
        "L128": {
            "train": {
                "epoch": 30,
                "loss": 0.007836292497813702,
                "epoch_elapsed": 874.2074701786041
            },
            "val": {
                "epoch": 30,
                "loss": 0.008047900162637234,
                "epoch_elapsed": 66.4271183013916
            }
        },
        "2L": {
            "train": {
                "epoch": 63,
                "loss": 0.29573848843574524,
                "epoch_elapsed": 869.1663994789124
            },
            "val": {
                "epoch": 63,
                "loss": 0.2963297367095947,
                "epoch_elapsed": 68.0983338356018
            }
        },
        "3L": {
            "train": {
                "epoch": 29,
                "loss": 0.008419148623943329,
                "epoch_elapsed": 873.7334861755371
            },
            "val": {
                "epoch": 29,
                "loss": 0.00872612651437521,
                "epoch_elapsed": 66.34042811393738
            }
        },
        "4L": {
            "train": {
                "epoch": 42,
                "loss": 0.009496676735579967,
                "epoch_elapsed": 873.1405162811279
            },
            "val": {
                "epoch": 42,
                "loss": 0.009841732680797577,
                "epoch_elapsed": 66.32912731170654
            }
        }
    }
}