epoch,balanced_accuracy,balanced_accuracy_Other,balanced_accuracy_TypeA,balanced_accuracy_TypeB,balanced_accuracy_TypeC,balanced_accuracy_const_1,elapsed,mean_valid
0,0.5,0.5,0.5,0.5,0.5,nan,207.40228390693665,0.9999954700724284
1,0.5,0.5,0.5,0.5,0.5,nan,204.44090056419373,0.9999954700724284
2,0.5,0.5,0.5,0.5,0.5,nan,202.90219593048096,0.9999954700724284
3,0.5,0.5,0.5,0.5,0.5,nan,206.33478212356567,0.9999954700724284
4,0.5,0.5,0.5,0.5,0.5,nan,203.76386761665344,0.9999954700724284
5,0.5,0.5,0.5,0.5,0.5,nan,203.81791520118713,0.9999954700724284

