epoch,balanced_accuracy_AtLeast2FreightWagons,balanced_accuracy_AtLeast2LongWagons,balanced_accuracy_AtLeast2PassengerCars,balanced_accuracy_AtLeast3Wagons,balanced_accuracy_EmptyWagon,balanced_accuracy_FreightWagon,balanced_accuracy_LongPassengerCar,balanced_accuracy_LongWagon,balanced_accuracy_PassengerCar,balanced_accuracy_ReinforcedCar,correlation_AtLeast2FreightWagons,correlation_AtLeast2LongWagons,correlation_AtLeast2PassengerCars,correlation_AtLeast3Wagons,correlation_EmptyWagon,correlation_FreightWagon,correlation_LongPassengerCar,correlation_LongWagon,correlation_PassengerCar,correlation_ReinforcedCar
0,0.5,0.5,0.5,0.5516391396522522,0.5000401139259338,0.5717482566833496,0.5,0.4492802619934082,0.5006183981895447,0.7556347846984863,nan,-0.000854558136779815,-0.0037969346158206463,0.790353000164032,0.0396181084215641,0.07215425372123718,-0.002336164703592658,-0.28741446137428284,0.19909563660621643,0.5793100595474243
1,0.4991165101528168,0.5,0.5,0.7513642311096191,0.5,0.6826437711715698,0.5,0.334018349647522,0.6860970854759216,0.6823533773422241,-0.05949287861585617,-0.00273964018560946,-0.0008296549785882235,0.7506377100944519,0.02636885829269886,0.24787741899490356,nan,-0.4427545964717865,0.5251006484031677,0.47132983803749084

2,0.5,0.4998103678226471,0.5,0.8513010144233704,0.5,0.6849368810653687,0.5,0.358654648065567,0.6760818958282471,0.6633608937263489,-0.01077265851199627,-0.01198748778551817,-0.0016526426188647747,0.7199575901031494,0.008580842055380344,0.24098661541938782,-0.0038586521986871958,-0.45430436730384827,0.44514814019203186,0.417163610458374
3,0.5,0.5,0.5,0.8330640196800232,0.5,0.6902392506599426,0.5,0.35877612233161926,0.6818140745162964,0.6488786935806274,nan,-0.00234078336507082,nan,0.7587533593177795,nan,0.2528010904788971,-0.0014503216370940208,-0.5181407928466797,0.47394445538520813,0.42318204045295715

4,0.5,0.5,0.5,0.8652064800262451,0.5,0.6696817874908447,0.4999924898147583,0.3227844536304474,0.6805722117424011,0.6523283123970032,nan,-0.002542301779612899,nan,0.7321386337280273,nan,0.21468040347099304,-0.0016531251603737473,-0.4793100655078888,0.38333743810653687,0.41644853353500366
5,0.5,0.4999917447566986,0.5,0.8762549161911011,0.5002807378768921,0.7129880785942078,0.5,0.3322320580482483,0.6629681587219238,0.6773890256881714,nan,-0.0024864666629582644,-0.0013111185980960727,0.7429186105728149,0.038775719702243805,0.22003740072250366,nan,-0.49256256222724915,0.4630858600139618,0.43417367339134216

