epoch,balanced_accuracy,balanced_accuracy_Other,balanced_accuracy_TypeA,balanced_accuracy_TypeB,balanced_accuracy_TypeC,balanced_accuracy_const_1,elapsed,mean_valid
0,0.6120762228965759,0.8832191824913025,0.6120762228965759,0.9233286380767822,0.8439875245094299,nan,188.99413442611694,0.9999845243326823
1,0.9667892456054688,0.9781093597412109,0.9839036464691162,0.9674462676048279,0.9667892456054688,nan,183.91120290756226,0.9997016758728028

2,0.9697849750518799,0.988581657409668,0.9880958795547485,0.982810378074646,0.9697849750518799,nan,183.33460354804993,0.9996217142232259
3,0.9769694805145264,0.9895963668823242,0.9889003038406372,0.9825741052627563,0.9769694805145264,nan,185.3903727531433,0.999875159403483

4,0.9798680543899536,0.9903748631477356,0.9888426661491394,0.9875484704971313,0.9798680543899536,nan,181.95129251480103,0.9998875387064616
5,0.9710540771484375,0.9909142255783081,0.9904685020446777,0.9864579439163208,0.9710540771484375,nan,181.54630827903748,0.9997393989562988

