epoch,loss,epoch_elapsed
0,0.055140454322099686,66.32494139671326
1,0.055155474692583084,66.29631400108337
2,0.055097226053476334,69.26085066795349
3,0.05510331317782402,68.91938328742981
4,0.055102407932281494,69.14097118377686
5,0.0550973154604435,69.22949814796448
6,0.05512154474854469,69.18473792076111
7,0.05509534478187561,69.14886236190796
8,0.055095698684453964,69.39000868797302
9,0.05509718880057335,66.427649974823
10,0.05510568991303444,66.19093203544617
