{
    "best_experiment": {
        "name": "L64",
        "results": {
            "train": {
                "epoch": 29,
                "loss": 0.008639942854642868,
                "epoch_elapsed": 885.0184199810028
            },
            "val": {
                "epoch": 29,
                "loss": 0.008766237646341324,
                "epoch_elapsed": 66.43556690216064
            }
        }
    },
    "experiments": {
        "L16": {
            "train": {
                "epoch": 10,
                "loss": 0.05506404489278793,
                "epoch_elapsed": 3110.123173236847
            },
            "val": {
                "epoch": 10,
                "loss": 0.0550970584154129,
                "epoch_elapsed": 266.17415833473206
            }
        },
        "L32": {
            "train": {
                "epoch": 10,
                "loss": 0.055058855563402176,
                "epoch_elapsed": 890.0550220012665
            },
            "val": {
                "epoch": 10,
                "loss": 0.05509146675467491,
                "epoch_elapsed": 69.53246331214905
            }
        },
        "L64": {
            "train": {
                "epoch": 29,
                "loss": 0.008639942854642868,
                "epoch_elapsed": 885.0184199810028
            },
            "val": {
                "epoch": 29,
                "loss": 0.008766237646341324,
                "epoch_elapsed": 66.43556690216064
            }
        },
        "L128": {
            "train": {
                "epoch": 10,
                "loss": 0.055063921958208084,
                "epoch_elapsed": 888.0835316181183
            },
            "val": {
                "epoch": 10,
                "loss": 0.05509715527296066,
                "epoch_elapsed": 66.5781922340393
            }
        },
        "2L": {
            "train": {
                "epoch": 10,
                "loss": 0.05507223308086395,
                "epoch_elapsed": 888.7248804569244
            },
            "val": {
                "epoch": 10,
                "loss": 0.05510568991303444,
                "epoch_elapsed": 66.19093203544617
            }
        },
        "3L": {
            "train": {
                "epoch": 10,
                "loss": 0.055063940584659576,
                "epoch_elapsed": 878.6310064792633
            },
            "val": {
                "epoch": 10,
                "loss": 0.055097147822380066,
                "epoch_elapsed": 68.46784663200378
            }
        },
        "4L": {
            "train": {
                "epoch": 11,
                "loss": 0.05492802709341049,
                "epoch_elapsed": 894.6221182346344
            },
            "val": {
                "epoch": 11,
                "loss": 0.05494239926338196,
                "epoch_elapsed": 69.40735626220703
            }
        }
    }
}