epoch,balanced_accuracy,balanced_accuracy_AtLeast2FreightWagons,balanced_accuracy_AtLeast2LongWagons,balanced_accuracy_AtLeast2PassengerCars,balanced_accuracy_AtLeast3Wagons,balanced_accuracy_EmptyWagon,balanced_accuracy_FreightWagon,balanced_accuracy_LongPassengerCar,balanced_accuracy_LongWagon,balanced_accuracy_Other,balanced_accuracy_PassengerCar,balanced_accuracy_ReinforcedCar,balanced_accuracy_TypeA,balanced_accuracy_TypeB,balanced_accuracy_TypeC,elapsed,mean_valid
0,0.9747412204742432,0.7244147062301636,0.6615906357765198,0.6290072798728943,0.8651438355445862,0.7458094954490662,0.6966995596885681,0.6301318407058716,0.6143238544464111,0.9938331842422485,0.6977025866508484,0.6565890312194824,0.9888310432434082,0.9913780093193054,0.9747412204742432,201.20977425575256,0.19895015359242757
1,0.9878113269805908,0.7569202184677124,0.7615900635719299,0.5811631679534912,0.8888354301452637,0.7582223415374756,0.6914869546890259,0.6616388559341431,0.6233513355255127,0.9945938587188721,0.6718855500221252,0.6568772792816162,0.9878113269805908,0.993466854095459,0.9879105091094971,201.38026666641235,0.17566816955884298

2,0.9872976541519165,0.7613275051116943,0.7666045427322388,0.7806867361068726,0.8933573365211487,0.7633346319198608,0.7140163779258728,0.6445111036300659,0.604394793510437,0.9940052628517151,0.6860207915306091,0.6495997905731201,0.9872976541519165,0.9950116872787476,0.9912017583847046,200.28787922859192,0.20202119462331136
3,0.5,0.5,0.5,0.5,0.5,0.5,0.5,0.5,0.5,0.5,0.5,0.5,0.5,0.5,0.5,205.65021467208862,0.0
4,0.5,0.5,0.5,0.5,0.5,0.5,0.5,0.5,0.5,0.5,0.5,0.5,0.5,0.5,0.5,200.10017323493958,0.0
5,0.5,0.5,0.5,0.5,0.5,0.5,0.5,0.5,0.5,0.5,0.5,0.5,0.5,0.5,0.5,200.53944611549377,0.0

