{
    "best_experiment": {
        "name": "L64",
        "results": {
            "train": {
                "epoch": 27,
                "loss": 0.006788685452193022,
                "epoch_elapsed": 866.5686700344086
            },
            "val": {
                "epoch": 27,
                "loss": 0.007075692992657423,
                "epoch_elapsed": 67.42364764213562
            }
        }
    },
    "experiments": {
        "L16": {
            "train": {
                "epoch": 18,
                "loss": 0.008394821546971798,
                "epoch_elapsed": 865.5122218132019
            },
            "val": {
                "epoch": 18,
                "loss": 0.008917608298361301,
                "epoch_elapsed": 66.0753116607666
            }
        },
        "L32": {
            "train": {
                "epoch": 15,
                "loss": 0.007329882122576237,
                "epoch_elapsed": 867.4475712776184
            },
            "val": {
                "epoch": 15,
                "loss": 0.007449602708220482,
                "epoch_elapsed": 66.06542301177979
            }
        },
        "L64": {
            "train": {
                "epoch": 27,
                "loss": 0.006788685452193022,
                "epoch_elapsed": 866.5686700344086
            },
            "val": {
                "epoch": 27,
                "loss": 0.007075692992657423,
                "epoch_elapsed": 67.42364764213562
            }
        },
        "L128": {
            "train": {
                "epoch": 36,
                "loss": 0.007014562841504812,
                "epoch_elapsed": 866.3897066116333
            },
            "val": {
                "epoch": 36,
                "loss": 0.007158927619457245,
                "epoch_elapsed": 65.98144364356995
            }
        },
        "2L": {
            "train": {
                "epoch": 12,
                "loss": 0.008310207165777683,
                "epoch_elapsed": 879.691469669342
            },
            "val": {
                "epoch": 12,
                "loss": 0.008594044484198093,
                "epoch_elapsed": 66.94068837165833
            }
        },
        "3L": {
            "train": {
                "epoch": 5,
                "loss": 0.05506499856710434,
                "epoch_elapsed": 872.2646899223328
            },
            "val": {
                "epoch": 5,
                "loss": 0.055079128593206406,
                "epoch_elapsed": 65.89744067192078
            }
        },
        "4L": {
            "train": {
                "epoch": 13,
                "loss": 0.009057598188519478,
                "epoch_elapsed": 873.7380862236023
            },
            "val": {
                "epoch": 13,
                "loss": 0.009555709548294544,
                "epoch_elapsed": 65.9357328414917
            }
        }
    }
}