epoch,balanced_accuracy,balanced_accuracy_Other,balanced_accuracy_TypeA,balanced_accuracy_TypeB,balanced_accuracy_TypeC,balanced_accuracy_const_1,elapsed,mean_valid
0,0.9647464752197266,0.9922897815704346,0.9647464752197266,0.9863071441650391,0.9739593863487244,nan,184.06106567382812,0.9998340328470866
1,0.9873108267784119,0.9954614639282227,0.9927171468734741,0.9953983426094055,0.9873108267784119,nan,185.4831564426422,0.9998875026448568

2,0.9828801155090332,0.9935929775238037,0.9828801155090332,0.9895676374435425,0.9876191020011902,nan,188.99964213371277,0.9995501520792643
3,0.9911260604858398,0.9968713521957397,0.9911260604858398,0.9942331910133362,0.9932624101638794,nan,184.46722650527954,0.9992346416219076
4,0.9799215197563171,0.9945650100708008,0.9879579544067383,0.9940659403800964,0.9799215197563171,nan,181.97815608978271,0.9993635792032878
5,0.9780192971229553,0.9957320690155029,0.9780192971229553,0.9924761056900024,0.9869579076766968,nan,185.8105525970459,0.9989858456420898

