{
    "training": [
        {
            "permutation": "2_5_8_7_4_6_0_1_3",
            "negate": "1_-1_1_-1_1_1_1_-1_-1",
            "global_accuracy": 0.7081584930419922,
            "PassengerCar_accuracy": 0.574406623840332,
            "FreightWagon_accuracy": 0.8922841548919678,
            "EmptyWagon_accuracy": 0.5691454410552979,
            "LongWagon_accuracy": 0.6574966907501221,
            "ReinforcedCar_accuracy": 0.5065886378288269,
            "LongPassengerCar_accuracy": 0.830737292766571,
            "AtLeast2PassengerCars_accuracy": 0.9355337023735046,
            "AtLeast2FreightWagons_accuracy": 0.6642926335334778,
            "AtLeast3Wagons_accuracy": 0.7429417371749878
        },
        {
            "permutation": "2_6_8_7_4_5_0_1_3",
            "negate": "1_-1_1_-1_1_1_1_-1_-1",
            "global_accuracy": 0.7081584930419922,
            "PassengerCar_accuracy": 0.574406623840332,
            "FreightWagon_accuracy": 0.8922841548919678,
            "EmptyWagon_accuracy": 0.5691454410552979,
            "LongWagon_accuracy": 0.6574966907501221,
            "ReinforcedCar_accuracy": 0.5065886378288269,
            "LongPassengerCar_accuracy": 0.830737292766571,
            "AtLeast2PassengerCars_accuracy": 0.9355337023735046,
            "AtLeast2FreightWagons_accuracy": 0.6642926335334778,
            "AtLeast3Wagons_accuracy": 0.7429417371749878
        },
        {
            "permutation": "2_0_8_7_4_6_5_1_3",
            "negate": "1_-1_1_-1_1_1_1_-1_-1",
            "global_accuracy": 0.7081584930419922,
            "PassengerCar_accuracy": 0.574406623840332,
            "FreightWagon_accuracy": 0.8922841548919678,
            "EmptyWagon_accuracy": 0.5691454410552979,
            "LongWagon_accuracy": 0.6574966907501221,
            "ReinforcedCar_accuracy": 0.5065886378288269,
            "LongPassengerCar_accuracy": 0.830737292766571,
            "AtLeast2PassengerCars_accuracy": 0.9355337023735046,
            "AtLeast2FreightWagons_accuracy": 0.6642926335334778,
            "AtLeast3Wagons_accuracy": 0.7429417371749878
        },
        {
            "permutation": "2_6_8_7_4_0_5_1_3",
            "negate": "1_-1_1_-1_1_1_1_-1_-1",
            "global_accuracy": 0.7081584930419922,
            "PassengerCar_accuracy": 0.574406623840332,
            "FreightWagon_accuracy": 0.8922841548919678,
            "EmptyWagon_accuracy": 0.5691454410552979,
            "LongWagon_accuracy": 0.6574966907501221,
            "ReinforcedCar_accuracy": 0.5065886378288269,
            "LongPassengerCar_accuracy": 0.830737292766571,
            "AtLeast2PassengerCars_accuracy": 0.9355337023735046,
            "AtLeast2FreightWagons_accuracy": 0.6642926335334778,
            "AtLeast3Wagons_accuracy": 0.7429417371749878
        },
        {
            "permutation": "2_5_8_7_4_0_6_1_3",
            "negate": "1_-1_1_-1_1_1_1_-1_-1",
            "global_accuracy": 0.7081584930419922,
            "PassengerCar_accuracy": 0.574406623840332,
            "FreightWagon_accuracy": 0.8922841548919678,
            "EmptyWagon_accuracy": 0.5691454410552979,
            "LongWagon_accuracy": 0.6574966907501221,
            "ReinforcedCar_accuracy": 0.5065886378288269,
            "LongPassengerCar_accuracy": 0.830737292766571,
            "AtLeast2PassengerCars_accuracy": 0.9355337023735046,
            "AtLeast2FreightWagons_accuracy": 0.6642926335334778,
            "AtLeast3Wagons_accuracy": 0.7429417371749878
        },
        {
            "permutation": "2_0_8_7_4_5_6_1_3",
            "negate": "1_-1_1_-1_1_1_1_-1_-1",
            "global_accuracy": 0.7081584930419922,
            "PassengerCar_accuracy": 0.574406623840332,
            "FreightWagon_accuracy": 0.8922841548919678,
            "EmptyWagon_accuracy": 0.5691454410552979,
            "LongWagon_accuracy": 0.6574966907501221,
            "ReinforcedCar_accuracy": 0.5065886378288269,
            "LongPassengerCar_accuracy": 0.830737292766571,
            "AtLeast2PassengerCars_accuracy": 0.9355337023735046,
            "AtLeast2FreightWagons_accuracy": 0.6642926335334778,
            "AtLeast3Wagons_accuracy": 0.7429417371749878
        },
        {
            "permutation": "8_5_2_7_4_0_6_1_3",
            "negate": "1_-1_1_-1_1_1_1_-1_-1",
            "global_accuracy": 0.7081477046012878,
            "PassengerCar_accuracy": 0.5755311846733093,
            "FreightWagon_accuracy": 0.8922841548919678,
            "EmptyWagon_accuracy": 0.5679238438606262,
            "LongWagon_accuracy": 0.6574966907501221,
            "ReinforcedCar_accuracy": 0.5065886378288269,
            "LongPassengerCar_accuracy": 0.830737292766571,
            "AtLeast2PassengerCars_accuracy": 0.9355337023735046,
            "AtLeast2FreightWagons_accuracy": 0.6642926335334778,
            "AtLeast3Wagons_accuracy": 0.7429417371749878
        },
        {
            "permutation": "8_0_2_7_4_5_6_1_3",
            "negate": "1_-1_1_-1_1_1_1_-1_-1",
            "global_accuracy": 0.7081477046012878,
            "PassengerCar_accuracy": 0.5755311846733093,
            "FreightWagon_accuracy": 0.8922841548919678,
            "EmptyWagon_accuracy": 0.5679238438606262,
            "LongWagon_accuracy": 0.6574966907501221,
            "ReinforcedCar_accuracy": 0.5065886378288269,
            "LongPassengerCar_accuracy": 0.830737292766571,
            "AtLeast2PassengerCars_accuracy": 0.9355337023735046,
            "AtLeast2FreightWagons_accuracy": 0.6642926335334778,
            "AtLeast3Wagons_accuracy": 0.7429417371749878
        },
        {
            "permutation": "8_5_2_7_4_6_0_1_3",
            "negate": "1_-1_1_-1_1_1_1_-1_-1",
            "global_accuracy": 0.7081477046012878,
            "PassengerCar_accuracy": 0.5755311846733093,
            "FreightWagon_accuracy": 0.8922841548919678,
            "EmptyWagon_accuracy": 0.5679238438606262,
            "LongWagon_accuracy": 0.6574966907501221,
            "ReinforcedCar_accuracy": 0.5065886378288269,
            "LongPassengerCar_accuracy": 0.830737292766571,
            "AtLeast2PassengerCars_accuracy": 0.9355337023735046,
            "AtLeast2FreightWagons_accuracy": 0.6642926335334778,
            "AtLeast3Wagons_accuracy": 0.7429417371749878
        },
        {
            "permutation": "8_6_2_7_4_5_0_1_3",
            "negate": "1_-1_1_-1_1_1_1_-1_-1",
            "global_accuracy": 0.7081477046012878,
            "PassengerCar_accuracy": 0.5755311846733093,
            "FreightWagon_accuracy": 0.8922841548919678,
            "EmptyWagon_accuracy": 0.5679238438606262,
            "LongWagon_accuracy": 0.6574966907501221,
            "ReinforcedCar_accuracy": 0.5065886378288269,
            "LongPassengerCar_accuracy": 0.830737292766571,
            "AtLeast2PassengerCars_accuracy": 0.9355337023735046,
            "AtLeast2FreightWagons_accuracy": 0.6642926335334778,
            "AtLeast3Wagons_accuracy": 0.7429417371749878
        }
    ],
    "validation": [
        {
            "permutation": "2_6_8_7_4_5_0_1_3",
            "negate": "1_-1_1_-1_1_1_1_-1_-1",
            "global_accuracy": 0.7073997855186462,
            "PassengerCar_accuracy": 0.5776291489601135,
            "FreightWagon_accuracy": 0.8891953229904175,
            "EmptyWagon_accuracy": 0.5700967311859131,
            "LongWagon_accuracy": 0.6551965475082397,
            "ReinforcedCar_accuracy": 0.5055567026138306,
            "LongPassengerCar_accuracy": 0.8329697251319885,
            "AtLeast2PassengerCars_accuracy": 0.93451327085495,
            "AtLeast2FreightWagons_accuracy": 0.6623378992080688,
            "AtLeast3Wagons_accuracy": 0.7391027212142944
        },
        {
            "permutation": "2_5_8_7_4_6_0_1_3",
            "negate": "1_-1_1_-1_1_1_1_-1_-1",
            "global_accuracy": 0.7073997855186462,
            "PassengerCar_accuracy": 0.5776291489601135,
            "FreightWagon_accuracy": 0.8891953229904175,