epoch,balanced_accuracy,balanced_accuracy_AtLeast2FreightWagons,balanced_accuracy_AtLeast2LongWagons,balanced_accuracy_AtLeast2PassengerCars,balanced_accuracy_AtLeast3Wagons,balanced_accuracy_EmptyWagon,balanced_accuracy_FreightWagon,balanced_accuracy_LongPassengerCar,balanced_accuracy_LongWagon,balanced_accuracy_Other,balanced_accuracy_PassengerCar,balanced_accuracy_ReinforcedCar,balanced_accuracy_TypeA,balanced_accuracy_TypeB,balanced_accuracy_TypeC,elapsed,mean_valid
0,0.970919668674469,0.7322368621826172,0.6619560718536377,0.5202165842056274,0.8768972158432007,0.6903391480445862,0.6297162771224976,0.47029197216033936,0.5982041954994202,0.9815795421600342,0.6979169845581055,0.6644572019577026,0.9780447483062744,0.9814764261245728,0.970919668674469,202.1145749092102,0.9995601166788737
1,0.980789065361023,0.740290105342865,0.667377769947052,0.706179678440094,0.8443735837936401,0.7155923843383789,0.6801380515098572,0.6121550798416138,0.5758123397827148,0.9924652576446533,0.6615889668464661,0.6534174084663391,0.980789065361023,0.991384744644165,0.9906057715415955,203.2982792854309,0.9994781787618001
2,0.9909254908561707,0.753154993057251,0.7686727643013,0.6911073923110962,0.8810518980026245,0.7154517769813538,0.6126723289489746,0.7191445231437683,0.6061948537826538,0.9962952136993408,0.6768700480461121,0.6569728255271912,0.9926744699478149,0.9952644109725952,0.9909254908561707,208.88448786735535,0.999451104482015

3,0.9411581754684448,0.734872043132782,0.779668390750885,0.5712709426879883,0.8937152624130249,0.7135068774223328,0.5423522591590881,0.7182801961898804,0.6050063371658325,0.9868464469909668,0.6503784656524658,0.6374114155769348,0.9411581754684448,0.9806646704673767,0.9797816276550293,203.04589557647705,0.9993661603800456
4,0.9818909168243408,0.7475610971450806,0.5382394194602966,0.6921643018722534,0.8797644376754761,0.7133469581604004,0.6706085205078125,0.7422592639923096,0.6012100577354431,0.9920161962509155,0.7028937339782715,0.6592790484428406,0.9868024587631226,0.9899927973747253,0.9818909168243408,202.21217370033264,0.9994031825764974
5,0.9479387998580933,0.727581262588501,0.5187259912490845,0.4999721646308899,0.8648453950881958,0.7091405391693115,0.5360989570617676,0.7087167501449585,0.5820774435997009,0.9730921983718872,0.5444461703300476,0.6763447523117065,0.9479387998580933,0.9775464534759521,0.9583603143692017,202.4496555328369,0.999833236134847

