{
    "training": [
        {
            "permutation": "8_1_4_7_6_2_5_0_3",
            "negate": "1_-1_1_-1_1_1_-1_-1_-1",
            "global_accuracy": 0.7075592279434204,
            "PassengerCar_accuracy": 0.5778200626373291,
            "FreightWagon_accuracy": 0.8910273313522339,
            "EmptyWagon_accuracy": 0.5607134103775024,
            "LongWagon_accuracy": 0.6528440713882446,
            "ReinforcedCar_accuracy": 0.5015170574188232,
            "LongPassengerCar_accuracy": 0.8273724317550659,
            "AtLeast2PassengerCars_accuracy": 0.9344223737716675,
            "AtLeast2FreightWagons_accuracy": 0.6690069437026978,
            "AtLeast3Wagons_accuracy": 0.7533097863197327
        },
        {
            "permutation": "8_3_4_7_6_2_5_0_1",
            "negate": "1_-1_1_-1_1_1_-1_-1_-1",
            "global_accuracy": 0.7075543403625488,
            "PassengerCar_accuracy": 0.5778200626373291,
            "FreightWagon_accuracy": 0.8908200263977051,
            "EmptyWagon_accuracy": 0.5607134103775024,
            "LongWagon_accuracy": 0.6528440713882446,
            "ReinforcedCar_accuracy": 0.5015170574188232,
            "LongPassengerCar_accuracy": 0.8273724317550659,
            "AtLeast2PassengerCars_accuracy": 0.9344223737716675,
            "AtLeast2FreightWagons_accuracy": 0.6690069437026978,
            "AtLeast3Wagons_accuracy": 0.7534729242324829
        },
        {
            "permutation": "8_5_4_7_6_2_1_0_3",
            "negate": "1_1_1_-1_1_1_1_-1_-1",
            "global_accuracy": 0.7075493931770325,
            "PassengerCar_accuracy": 0.5778200626373291,
            "FreightWagon_accuracy": 0.8911375403404236,
            "EmptyWagon_accuracy": 0.5607134103775024,
            "LongWagon_accuracy": 0.6528440713882446,
            "ReinforcedCar_accuracy": 0.5015170574188232,
            "LongPassengerCar_accuracy": 0.8273724317550659,
            "AtLeast2PassengerCars_accuracy": 0.9342238903045654,
            "AtLeast2FreightWagons_accuracy": 0.6690069437026978,
            "AtLeast3Wagons_accuracy": 0.7533097863197327
        },
        {
            "permutation": "8_5_4_7_6_2_3_0_1",
            "negate": "1_1_1_-1_1_1_1_-1_-1",
            "global_accuracy": 0.7075376510620117,
            "PassengerCar_accuracy": 0.5778200626373291,
            "FreightWagon_accuracy": 0.8911375403404236,
            "EmptyWagon_accuracy": 0.5607134103775024,
            "LongWagon_accuracy": 0.6528440713882446,
            "ReinforcedCar_accuracy": 0.5015170574188232,
            "LongPassengerCar_accuracy": 0.8273724317550659,
            "AtLeast2PassengerCars_accuracy": 0.9339548945426941,
            "AtLeast2FreightWagons_accuracy": 0.6690069437026978,
            "AtLeast3Wagons_accuracy": 0.7534729242324829
        },
        {
            "permutation": "8_3_4_7_6_2_1_0_5",
            "negate": "1_-1_1_-1_1_1_1_-1_1",
            "global_accuracy": 0.7075239419937134,
            "PassengerCar_accuracy": 0.5778200626373291,
            "FreightWagon_accuracy": 0.8908200263977051,
            "EmptyWagon_accuracy": 0.5607134103775024,
            "LongWagon_accuracy": 0.6528440713882446,
            "ReinforcedCar_accuracy": 0.5015170574188232,
            "LongPassengerCar_accuracy": 0.8273724317550659,
            "AtLeast2PassengerCars_accuracy": 0.9342238903045654,
            "AtLeast2FreightWagons_accuracy": 0.6690069437026978,
            "AtLeast3Wagons_accuracy": 0.7533980011940002
        },
        {
            "permutation": "8_1_4_7_6_2_3_0_5",
            "negate": "1_-1_1_-1_1_1_1_-1_1",
            "global_accuracy": 0.7075170874595642,
            "PassengerCar_accuracy": 0.5778200626373291,
            "FreightWagon_accuracy": 0.8910273313522339,
            "EmptyWagon_accuracy": 0.5607134103775024,
            "LongWagon_accuracy": 0.6528440713882446,
            "ReinforcedCar_accuracy": 0.5015170574188232,
            "LongPassengerCar_accuracy": 0.8273724317550659,
            "AtLeast2PassengerCars_accuracy": 0.9339548945426941,
            "AtLeast2FreightWagons_accuracy": 0.6690069437026978,
            "AtLeast3Wagons_accuracy": 0.7533980011940002
        },
        {
            "permutation": "7_1_4_8_6_2_5_0_3",
            "negate": "1_-1_1_-1_1_1_-1_-1_-1",
            "global_accuracy": 0.7075092196464539,
            "PassengerCar_accuracy": 0.5744683742523193,
            "FreightWagon_accuracy": 0.8910273313522339,
            "EmptyWagon_accuracy": 0.5607134103775024,
            "LongWagon_accuracy": 0.6557459235191345,
            "ReinforcedCar_accuracy": 0.5015170574188232,
            "LongPassengerCar_accuracy": 0.8273724317550659,
            "AtLeast2PassengerCars_accuracy": 0.9344223737716675,
            "AtLeast2FreightWagons_accuracy": 0.6690069437026978,
            "AtLeast3Wagons_accuracy": 0.7533097863197327
        },
        {
            "permutation": "7_3_4_8_6_2_5_0_1",
            "negate": "1_-1_1_-1_1_1_-1_-1_-1",
            "global_accuracy": 0.7075043320655823,
            "PassengerCar_accuracy": 0.5744683742523193,
            "FreightWagon_accuracy": 0.8908200263977051,
            "EmptyWagon_accuracy": 0.5607134103775024,
            "LongWagon_accuracy": 0.6557459235191345,
            "ReinforcedCar_accuracy": 0.5015170574188232,
            "LongPassengerCar_accuracy": 0.8273724317550659,
            "AtLeast2PassengerCars_accuracy": 0.9344223737716675,
            "AtLeast2FreightWagons_accuracy": 0.6690069437026978,
            "AtLeast3Wagons_accuracy": 0.7534729242324829
        },
        {
            "permutation": "7_5_4_8_6_2_1_0_3",
            "negate": "1_1_1_-1_1_1_1_-1_-1",
            "global_accuracy": 0.7074994444847107,
            "PassengerCar_accuracy": 0.5744683742523193,
            "FreightWagon_accuracy": 0.8911375403404236,
            "EmptyWagon_accuracy": 0.5607134103775024,
            "LongWagon_accuracy": 0.6557459235191345,
            "ReinforcedCar_accuracy": 0.5015170574188232,
            "LongPassengerCar_accuracy": 0.8273724317550659,
            "AtLeast2PassengerCars_accuracy": 0.9342238903045654,
            "AtLeast2FreightWagons_accuracy": 0.6690069437026978,
            "AtLeast3Wagons_accuracy": 0.7533097863197327
        },
        {
            "permutation": "4_1_7_8_6_2_5_0_3",
            "negate": "1_-1_1_-1_1_1_-1_-1_-1",
            "global_accuracy": 0.7074935436248779,
            "PassengerCar_accuracy": 0.5668169260025024,
            "FreightWagon_accuracy": 0.8910273313522339,
            "EmptyWagon_accuracy": 0.5682237148284912,
            "LongWagon_accuracy": 0.6557459235191345,
            "ReinforcedCar_accuracy": 0.5015170574188232,
            "LongPassengerCar_accuracy": 0.8273724317550659,
            "AtLeast2PassengerCars_accuracy": 0.9344223737716675,
            "AtLeast2FreightWagons_accuracy": 0.6690069437026978,
            "AtLeast3Wagons_accuracy": 0.7533097863197327
        }
    ],
    "validation": [
        {
            "permutation": "7_1_4_8_6_2_5_0_3",
            "negate": "1_-1_1_-1_1_1_-1_-1_-1",
            "global_accuracy": 0.7067777514457703,
            "PassengerCar_accuracy": 0.5763943195343018,
            "FreightWagon_accuracy": 0.8881868720054626,
            "EmptyWagon_accuracy": 0.562399685382843,
            "LongWagon_accuracy": 0.6539822816848755,
            "ReinforcedCar_accuracy": 0.4998559355735779,
            "LongPassengerCar_accuracy": 0.8296151161193848,
            "AtLeast2PassengerCars_accuracy": 0.9332166910171509,
            "AtLeast2FreightWagons_accuracy": 0.6673184037208557,
            "AtLeast3Wagons_accuracy": 0.7500308752059937
        },
        {
            "permutation": "7_3_4_8_6_2_5_0_1",
            "negate": "1_-1_1_-1_1_1_-1_-1_-1",
            "global_accuracy": 0.7067732214927673,
            "PassengerCar_accuracy": 0.5763943195343018,