epoch,balanced_accuracy,balanced_accuracy_AtLeast2FreightWagons,balanced_accuracy_AtLeast2LongWagons,balanced_accuracy_AtLeast2PassengerCars,balanced_accuracy_AtLeast3Wagons,balanced_accuracy_EmptyWagon,balanced_accuracy_FreightWagon,balanced_accuracy_LongPassengerCar,balanced_accuracy_LongWagon,balanced_accuracy_Other,balanced_accuracy_PassengerCar,balanced_accuracy_ReinforcedCar,balanced_accuracy_TypeA,balanced_accuracy_TypeB,balanced_accuracy_TypeC,elapsed,mean_valid
0,0.5001807808876038,0.7522611618041992,0.6826646327972412,0.5,0.6160891652107239,0.5075594186782837,0.6801789999008179,0.5,0.5,0.8373631834983826,0.4811769723892212,0.5,0.5164729356765747,0.8921864032745361,0.5001807808876038,213.50078010559082,0.9998235931396484
1,0.9786598682403564,0.7671734094619751,0.7652673721313477,0.6968321800231934,0.8488315343856812,0.9027035236358643,0.6507532596588135,0.5,0.6019033789634705,0.9917222261428833,0.6453781127929688,0.6536893248558044,0.9816737174987793,0.9869424104690552,0.9786598682403564,209.05823612213135,0.9992103020731609

2,0.9839826226234436,0.7700451612472534,0.8136028051376343,0.6891616582870483,0.8583941459655762,0.9105843305587769,0.6716352105140686,0.5,0.6174365878105164,0.994526743888855,0.6655624508857727,0.6541693806648254,0.9839826226234436,0.9925323724746704,0.9898542165756226,209.20640516281128,0.9995821658325196
3,0.9864797592163086,0.7662699222564697,0.817706823348999,0.7341969013214111,0.855937123298645,0.8859793543815613,0.7129708528518677,0.5,0.6135346293449402,0.994096040725708,0.7431584000587463,0.6507872343063354,0.9864797592163086,0.9942326545715332,0.9878251552581787,210.2561616897583,0.9992019796244304
4,0.5,0.5,0.5,0.5,0.5,0.5,0.5,0.5,0.5,0.5,0.5,0.5,0.5,0.5,0.5,203.5361316204071,0.9999554157511393
5,0.5,0.5,0.5,0.5,0.5,0.5,0.5,0.5,0.5,0.5,0.5,0.5,0.5,0.5,0.5,203.11354637145996,0.9999554157511393

