epoch,balanced_accuracy,balanced_accuracy_Other,balanced_accuracy_TypeA,balanced_accuracy_TypeB,balanced_accuracy_TypeC,balanced_accuracy_const_1,elapsed,mean_valid
0,0.9122297763824463,0.9645673632621765,0.9390805959701538,0.9456424713134766,0.9122297763824463,nan,186.2660689353943,0.9975187645975748
1,0.9577527046203613,0.9852697849273682,0.9787213802337646,0.9761302471160889,0.9577527046203613,nan,183.43965554237366,0.9983942144775391

2,0.9674407243728638,0.9875921010971069,0.9806182384490967,0.9805465936660767,0.9674407243728638,nan,182.40136647224426,0.9985770351155598
3,0.9653823375701904,0.9888547658920288,0.9810050129890442,0.9843904376029968,0.9653823375701904,nan,184.47454357147217,0.9983404137674967
4,0.9814959764480591,0.9920979142189026,0.9876601696014404,0.9874818921089172,0.9814959764480591,nan,181.666118144989,0.9993416811625163

5,0.9803571701049805,0.9905455112457275,0.9893447160720825,0.9843488931655884,0.9803571701049805,nan,185.64062809944153,0.999371494547526

