epoch,balanced_accuracy,balanced_accuracy_Other,balanced_accuracy_TypeA,balanced_accuracy_TypeB,balanced_accuracy_TypeC,balanced_accuracy_const_1,elapsed,mean_valid
0,0.738606333732605,0.8653408885002136,0.738606333732605,0.9206545948982239,0.7711866497993469,nan,204.75211095809937,0.999800653737386
1,0.7549207210540771,0.8974128365516663,0.7549207210540771,0.9251505136489868,0.7846464514732361,nan,182.82350707054138,0.9991494113667806

2,0.7663626670837402,0.9022167921066284,0.8006460666656494,0.9361988306045532,0.7663626670837402,nan,182.66164326667786,0.9984520270284017

3,0.5,0.5,0.5,0.5,0.5,nan,184.0911304950714,0.7901780605061849
4,0.5,0.5,0.5,0.5,0.5,nan,201.6386501789093,0.7901780605061849
5,0.5,0.5,0.5,0.5,0.5,nan,182.86171317100525,0.7901780605061849

