epoch,balanced_accuracy,balanced_accuracy_Other,balanced_accuracy_TypeA,balanced_accuracy_TypeB,balanced_accuracy_TypeC,balanced_accuracy_const_1,elapsed,mean_valid
0,0.5927150845527649,0.8432844877243042,0.5927150845527649,0.9119500517845154,0.7063008546829224,nan,206.83986377716064,0.9998478305562337
1,0.9414042830467224,0.983890950679779,0.9414042830467224,0.9854966402053833,0.9419782161712646,nan,204.3255536556244,0.99844941502889

2,0.9824081659317017,0.9922099113464355,0.9830836057662964,0.9894207715988159,0.9824081659317017,nan,205.17433404922485,0.9981210651143392

3,0.9755104780197144,0.9923883676528931,0.9755104780197144,0.9907763004302979,0.9830721020698547,nan,207.6663863658905,0.9978705381774903
4,0.9848511219024658,0.9939461946487427,0.9848511219024658,0.9939807653427124,0.9852703809738159,nan,207.3568332195282,0.9979073291524251
5,0.9798670411109924,0.9905177354812622,0.9798670411109924,0.9901374578475952,0.9799158573150635,nan,205.39029550552368,0.9975624999491374

