epoch,balanced_accuracy,balanced_accuracy_Other,balanced_accuracy_TypeA,balanced_accuracy_TypeB,balanced_accuracy_TypeC,balanced_accuracy_const_1,elapsed,mean_valid
0,0.7563464641571045,0.923140287399292,0.7563464641571045,0.9285463094711304,0.8421287536621094,nan,207.8616714477539,0.9988562940979004
1,0.9418731331825256,0.9804056882858276,0.9488742351531982,0.9725056290626526,0.9418731331825256,nan,204.7037374973297,0.9986436303710937

2,0.9608242511749268,0.9866440296173096,0.9781070947647095,0.9820740222930908,0.9608242511749268,nan,204.76303100585938,0.9985824452209473

3,0.965624213218689,0.9869365692138672,0.9883357286453247,0.9839197993278503,0.965624213218689,nan,206.89737343788147,0.9986103006998698
4,0.9512889981269836,0.9855347871780396,0.9821540713310242,0.9808914065361023,0.9512889981269836,nan,204.3894784450531,0.998692525583903
5,0.9796905517578125,0.9900113344192505,0.9863081574440002,0.9865128993988037,0.9796905517578125,nan,204.68394231796265,0.998712435353597

