{
    "best_experiment": {
        "name": "L128",
        "results": {
            "train": {
                "epoch": 21,
                "loss": 0.054924506694078445,
                "epoch_elapsed": 878.9703288078308
            },
            "val": {
                "epoch": 21,
                "loss": 0.05494667589664459,
                "epoch_elapsed": 74.37636470794678
            }
        }
    },
    "experiments": {
        "L16": {
            "train": {
                "epoch": 99,
                "loss": 0.05507199466228485,
                "epoch_elapsed": 874.7839889526367
            },
            "val": {
                "epoch": 99,
                "loss": 0.055095698684453964,
                "epoch_elapsed": 67.25012111663818
            }
        },
        "L32": {
            "train": {
                "epoch": 10,
                "loss": 0.05506397783756256,
                "epoch_elapsed": 875.8067758083344
            },
            "val": {
                "epoch": 10,
                "loss": 0.05509711429476738,
                "epoch_elapsed": 67.61475944519043
            }
        },
        "L64": {
            "train": {
                "epoch": 21,
                "loss": 0.054998189210891724,
                "epoch_elapsed": 883.5761647224426
            },
            "val": {
                "epoch": 21,
                "loss": 0.055026471614837646,
                "epoch_elapsed": 70.83373522758484
            }
        },
        "L128": {
            "train": {
                "epoch": 21,
                "loss": 0.054924506694078445,
                "epoch_elapsed": 878.9703288078308
            },
            "val": {
                "epoch": 21,
                "loss": 0.05494667589664459,
                "epoch_elapsed": 74.37636470794678
            }
        },
        "2L": {
            "train": {
                "epoch": 21,
                "loss": 0.054922886192798615,
                "epoch_elapsed": 883.0706100463867
            },
            "val": {
                "epoch": 21,
                "loss": 0.05494830384850502,
                "epoch_elapsed": 71.41563487052917
            }
        },
        "3L": {
            "train": {
                "epoch": 10,
                "loss": 0.055046651512384415,
                "epoch_elapsed": 883.2217979431152
            },
            "val": {
                "epoch": 10,
                "loss": 0.05507519841194153,
                "epoch_elapsed": 74.5111951828003
            }
        },
        "4L": {
            "train": {
                "epoch": 10,
                "loss": 0.0550391748547554,
                "epoch_elapsed": 885.4056859016418
            },
            "val": {
                "epoch": 10,
                "loss": 0.055069200694561005,
                "epoch_elapsed": 72.89146304130554
            }
        }
    }
}