epoch,balanced_accuracy,balanced_accuracy_Other,balanced_accuracy_TypeA,balanced_accuracy_TypeB,balanced_accuracy_TypeC,balanced_accuracy_const_1,elapsed,mean_valid
0,0.9772422313690186,0.9931788444519043,0.9772422313690186,0.9895260334014893,0.9779815673828125,nan,187.18922805786133,0.9998452217102051
1,0.9935324192047119,0.9964792728424072,0.9935324192047119,0.9950577020645142,0.9937111735343933,nan,184.2798774242401,0.9998942915344238

2,0.9927332401275635,0.9957516193389893,0.9927332401275635,0.9950330853462219,0.993656575679779,nan,181.09789872169495,0.9999762278238933
3,0.9947041273117065,0.9964084625244141,0.9947041273117065,0.9949376583099365,0.9947798252105713,nan,199.27171921730042,0.9998890417480468
4,0.9733202457427979,0.9962053298950195,0.9843720197677612,0.9959266185760498,0.9733202457427979,nan,182.07366299629211,0.9998916330464681
5,0.9905189275741577,0.9970632791519165,0.9946902394294739,0.9965934753417969,0.9905189275741577,nan,181.7543511390686,0.9999585628255209

