,negative,positive
N[0],0.11520857,0.88479143
N[1],0.3270343,0.6729657
N[2],0.82278,0.17722
N[3],0.0812,0.9188
N[4],0.82710856,0.17289142
N[5],0.66340286,0.33659714
N[6],0.9547,0.0453
N[7],0.5221514,0.47784856
N[8],0.35938,0.64062
N[9],0.62676,0.37324
