epoch,balanced_accuracy,balanced_accuracy_AtLeast2FreightWagons,balanced_accuracy_AtLeast2LongWagons,balanced_accuracy_AtLeast2PassengerCars,balanced_accuracy_AtLeast3Wagons,balanced_accuracy_EmptyWagon,balanced_accuracy_FreightWagon,balanced_accuracy_LongPassengerCar,balanced_accuracy_LongWagon,balanced_accuracy_Other,balanced_accuracy_PassengerCar,balanced_accuracy_ReinforcedCar,balanced_accuracy_TypeA,balanced_accuracy_TypeB,balanced_accuracy_TypeC,elapsed,mean_valid
0,0.9709305763244629,0.7932286858558655,0.8481220006942749,0.7344253063201904,0.9646297693252563,0.8055623173713684,0.6493834853172302,0.8646609783172607,0.8201515078544617,0.9895319938659668,0.9138566255569458,0.7572373747825623,0.9792721271514893,0.9863255023956299,0.9709305763244629,202.30791020393372,0.997051784362793
1,0.9849560260772705,0.8393125534057617,0.8368516564369202,0.8541840314865112,0.9609051942825317,0.8424868583679199,0.6894343495368958,0.9508129358291626,0.8425277471542358,0.9948596358299255,0.9248140454292297,0.7107824087142944,0.9902452230453491,0.994490385055542,0.9849560260772705,202.31716752052307,0.9976443471781413

2,0.9902414083480835,0.8465344309806824,0.8425282835960388,0.9129000306129456,0.944593071937561,0.8411954641342163,0.7551779747009277,0.9601161479949951,0.8543694019317627,0.9950746297836304,0.9304208755493164,0.7265142202377319,0.9917543530464172,0.9951122999191284,0.9902414083480835,202.53985142707825,0.9962650771077474
3,0.9916908740997314,0.8359681963920593,0.8738723993301392,0.8822246789932251,0.9294663667678833,0.8188062906265259,0.6516527533531189,0.9665981531143188,0.8872590065002441,0.9964849948883057,0.9152147173881531,0.7010996341705322,0.9917160272598267,0.9956647753715515,0.9916908740997314,205.0127875804901,0.9973217292277018
4,0.992598295211792,0.8617974519729614,0.8436282873153687,0.9190715551376343,0.9411392211914062,0.8684557676315308,0.7236944437026978,0.964637041091919,0.8800802230834961,0.995278000831604,0.9072023034095764,0.6960534453392029,0.992598295211792,0.995465874671936,0.9930784106254578,207.28259348869324,0.996838865814209
5,0.9895721673965454,0.8559976816177368,0.780950665473938,0.8572430610656738,0.897953987121582,0.8703902959823608,0.6741704940795898,0.9604123830795288,0.9308876991271973,0.9939634799957275,0.906280517578125,0.7546824216842651,0.9895721673965454,0.9918456077575684,0.9916326403617859,202.4137089252472,0.9952950043741862

