epoch,balanced_accuracy,balanced_accuracy_AtLeast2FreightWagons,balanced_accuracy_AtLeast2LongWagons,balanced_accuracy_AtLeast2PassengerCars,balanced_accuracy_AtLeast3Wagons,balanced_accuracy_EmptyWagon,balanced_accuracy_FreightWagon,balanced_accuracy_LongPassengerCar,balanced_accuracy_LongWagon,balanced_accuracy_Other,balanced_accuracy_PassengerCar,balanced_accuracy_ReinforcedCar,balanced_accuracy_TypeA,balanced_accuracy_TypeB,balanced_accuracy_TypeC,elapsed,mean_valid
0,0.5,0.5,0.5,0.5,0.5,0.5,0.5,0.5,0.5,0.5,0.5,0.5,0.5,0.5,0.5,204.01717901229858,0.9998948572794596
1,0.9085862040519714,0.6536502838134766,0.7486190795898438,0.49323534965515137,0.7975246906280518,0.715228796005249,0.5,0.5,0.6030374765396118,0.9650319814682007,0.6279586553573608,0.6513168811798096,0.9085862040519714,0.9402622580528259,0.9336606860160828,201.3822681903839,0.9997172794596354

2,0.9880673885345459,0.7408800721168518,0.7551265954971313,0.6715327501296997,0.8882095813751221,0.7167052626609802,0.5984325408935547,0.5004622936248779,0.6145319938659668,0.9937667846679688,0.6850618124008179,0.6565659046173096,0.9890077114105225,0.9918251037597656,0.9880673885345459,201.54446291923523,0.9997954246012369

3,0.9826825857162476,0.7310869693756104,0.7568041086196899,0.6656572818756104,0.8926407098770142,0.714059591293335,0.6689226627349854,0.4999849796295166,0.6117841601371765,0.9901987910270691,0.6147094964981079,0.6531315445899963,0.9826825857162476,0.9875778555870056,0.9854615926742554,201.65962433815002,0.9996336702982584
4,0.9533478021621704,0.7397083044052124,0.7629103064537048,0.6152292490005493,0.8719050884246826,0.6976937055587769,0.6290268301963806,0.5,0.6110562682151794,0.984025239944458,0.6257615089416504,0.6607756018638611,0.9863039255142212,0.981755793094635,0.9533478021621704,204.35779881477356,0.9995549151102702
5,0.5,0.5,0.5,0.5,0.5,0.5,0.5,0.5,0.5,0.5,0.5,0.5,0.5,0.5,0.5,201.7897698879242,0.0004884827649096648

