epoch,loss,epoch_elapsed
0,0.05514238402247429,73.20597791671753
1,0.05515040457248688,70.81970286369324
2,0.055082179605960846,77.14663934707642
3,0.05507691949605942,67.9913649559021
4,0.05507472902536392,70.28379201889038
5,0.05506787821650505,72.94530963897705
6,0.05509250983595848,72.99017238616943
7,0.05506366863846779,72.27947926521301
8,0.055064234882593155,71.52425599098206
9,0.05506901443004608,71.89791560173035
10,0.05507519841194153,74.5111951828003



