{
    "best_experiment": {
        "name": "C2_L128_S75",
        "results": {
            "train": {
                "epoch": 5,
                "loss": 0.04592452198266983,
                "balanced_accuracy": 0.9875575304031372,
                "balanced_accuracy_Other": 0.9925957918167114,
                "balanced_accuracy_TypeA": 0.9875575304031372,
                "balanced_accuracy_TypeB": 0.9909318089485168,
                "balanced_accuracy_TypeC": 0.9886998534202576,
                "elapsed": 961.8601920604706,
                "mean_valid": 0.9970793560246058
            },
            "val": {
                "epoch": 5,
                "balanced_accuracy": 0.9926590919494629,
                "balanced_accuracy_AtLeast2FreightWagons": 0.8150672316551208,
                "balanced_accuracy_AtLeast2LongWagons": 0.8476862907409668,
                "balanced_accuracy_AtLeast2PassengerCars": 0.5426286458969116,
                "balanced_accuracy_AtLeast3Wagons": 0.9136590957641602,
                "balanced_accuracy_EmptyWagon": 0.8856556415557861,
                "balanced_accuracy_FreightWagon": 0.6495519280433655,
                "balanced_accuracy_LongPassengerCar": 0.9124566316604614,
                "balanced_accuracy_LongWagon": 0.8174186944961548,
                "balanced_accuracy_Other": 0.9957113265991211,
                "balanced_accuracy_PassengerCar": 0.894623339176178,
                "balanced_accuracy_ReinforcedCar": 0.6914122700691223,
                "balanced_accuracy_TypeA": 0.9929422736167908,
                "balanced_accuracy_TypeB": 0.9944905042648315,
                "balanced_accuracy_TypeC": 0.9926590919494629,
                "elapsed": 202.88640117645264,
                "mean_valid": 0.9963357437642415
            }
        }
    },
    "experiments": {
        "C2_L128_S5": {
            "train": {
                "epoch": 5,
                "loss": 0.20085711777210236,
                "balanced_accuracy": 0.5,
                "balanced_accuracy_Other": 0.5,
                "balanced_accuracy_TypeA": 0.5,
                "balanced_accuracy_TypeB": 0.5,
                "balanced_accuracy_TypeC": 0.5,
                "elapsed": 968.1020846366882,
                "mean_valid": 0.999955415725708
            },
            "val": {
                "epoch": 5,
                "balanced_accuracy": 0.5,
                "balanced_accuracy_AtLeast2FreightWagons": 0.5,
                "balanced_accuracy_AtLeast2LongWagons": 0.5,
                "balanced_accuracy_AtLeast2PassengerCars": 0.5,
                "balanced_accuracy_AtLeast3Wagons": 0.5,
                "balanced_accuracy_EmptyWagon": 0.5,
                "balanced_accuracy_FreightWagon": 0.5,
                "balanced_accuracy_LongPassengerCar": 0.5,
                "balanced_accuracy_LongWagon": 0.5,
                "balanced_accuracy_Other": 0.5,
                "balanced_accuracy_PassengerCar": 0.5,
                "balanced_accuracy_ReinforcedCar": 0.5,
                "balanced_accuracy_TypeA": 0.5,
                "balanced_accuracy_TypeB": 0.5,
                "balanced_accuracy_TypeC": 0.5,
                "elapsed": 203.11354637145996,
                "mean_valid": 0.9999554157511393
            }
        },
        "C2_L128_S10": {
            "train": {
                "epoch": 5,
                "loss": 0.426889032125473,
                "balanced_accuracy": 0.5,
                "balanced_accuracy_Other": 0.5,
                "balanced_accuracy_TypeA": 0.5,
                "balanced_accuracy_TypeB": 0.5,
                "balanced_accuracy_TypeC": 0.5,
                "elapsed": 979.3211939334869,
                "mean_valid": 0.999629139905657
            },
            "val": {
                "epoch": 5,
                "balanced_accuracy": 0.5,
                "balanced_accuracy_AtLeast2FreightWagons": 0.5,
                "balanced_accuracy_AtLeast2LongWagons": 0.5,
                "balanced_accuracy_AtLeast2PassengerCars": 0.5,
                "balanced_accuracy_AtLeast3Wagons": 0.5,
                "balanced_accuracy_EmptyWagon": 0.5,
                "balanced_accuracy_FreightWagon": 0.5,
                "balanced_accuracy_LongPassengerCar": 0.5,
                "balanced_accuracy_LongWagon": 0.5,
                "balanced_accuracy_Other": 0.5,
                "balanced_accuracy_PassengerCar": 0.5,
                "balanced_accuracy_ReinforcedCar": 0.5,
                "balanced_accuracy_TypeA": 0.5,
                "balanced_accuracy_TypeB": 0.5,
                "balanced_accuracy_TypeC": 0.5,
                "elapsed": 206.75021743774414,
                "mean_valid": 0.9996291399129231
            }
        },
        "C2_L128_S25": {
            "train": {
                "epoch": 5,
                "loss": 0.3043017089366913,
                "balanced_accuracy": 0.5,
                "balanced_accuracy_Other": 0.5,
                "balanced_accuracy_TypeA": 0.5,
                "balanced_accuracy_TypeB": 0.5,
                "balanced_accuracy_TypeC": 0.5,
                "elapsed": 961.4292120933533,
                "mean_valid": 0.9991722106933594
            },
            "val": {
                "epoch": 5,
                "balanced_accuracy": 0.5,
                "balanced_accuracy_AtLeast2FreightWagons": 0.5,
                "balanced_accuracy_AtLeast2LongWagons": 0.5,
                "balanced_accuracy_AtLeast2PassengerCars": 0.5,
                "balanced_accuracy_AtLeast3Wagons": 0.5,
                "balanced_accuracy_EmptyWagon": 0.5,
                "balanced_accuracy_FreightWagon": 0.5,
                "balanced_accuracy_LongPassengerCar": 0.5,
                "balanced_accuracy_LongWagon": 0.5,
                "balanced_accuracy_Other": 0.5,
                "balanced_accuracy_PassengerCar": 0.5,
                "balanced_accuracy_ReinforcedCar": 0.5,
                "balanced_accuracy_TypeA": 0.5,
                "balanced_accuracy_TypeB": 0.5,
                "balanced_accuracy_TypeC": 0.5,
                "elapsed": 201.98913955688477,
                "mean_valid": 0.9991722106933594
            }
        },
        "C2_L128_S50": {
            "train": {
                "epoch": 5,
                "loss": 0.8524708151817322,
                "balanced_accuracy": 0.5,
                "balanced_accuracy_Other": 0.5,
                "balanced_accuracy_TypeA": 0.5,
                "balanced_accuracy_TypeB": 0.5,
                "balanced_accuracy_TypeC": 0.5,
                "elapsed": 973.9985473155975,
                "mean_valid": 0.9976612329537528
            },
            "val": {
                "epoch": 5,
                "balanced_accuracy": 0.5,
                "balanced_accuracy_AtLeast2FreightWagons": 0.5,
                "balanced_accuracy_AtLeast2LongWagons": 0.5,
                "balanced_accuracy_AtLeast2PassengerCars": 0.5,
                "balanced_accuracy_AtLeast3Wagons": 0.5,
                "balanced_accuracy_EmptyWagon": 0.5,
                "balanced_accuracy_FreightWagon": 0.5,
                "balanced_accuracy_LongPassengerCar": 0.5,
                "balanced_accuracy_LongWagon": 0.5,
                "balanced_accuracy_Other": 0.5,
                "balanced_accuracy_PassengerCar": 0.5,
                "balanced_accuracy_ReinforcedCar": 0.5,
                "balanced_accuracy_TypeA": 0.5,
                "balanced_accuracy_TypeB": 0.5,
                "balanced_accuracy_TypeC": 0.5,
                "elapsed": 204.92191457748413,
                "mean_valid": 0.9976612329610188
            }
        },
        "C2_L128_S75": {
            "train": {
                "epoch": 5,
                "loss": 0.04592452198266983,
                "balanced_accuracy": 0.9875575304031372,
                "balanced_accuracy_Other": 0.9925957918167114,
                "balanced_accuracy_TypeA": 0.9875575304031372,
                "balanced_accuracy_TypeB": 0.9909318089485168,