epoch,balanced_accuracy,balanced_accuracy_Other,balanced_accuracy_TypeA,balanced_accuracy_TypeB,balanced_accuracy_TypeC,balanced_accuracy_const_1,elapsed,mean_valid
0,0.8939478397369385,0.960189938545227,0.8939478397369385,0.947192907333374,0.8945245742797852,nan,185.07612299919128,0.9986229898071289
1,0.9655408263206482,0.9766184687614441,0.9810289740562439,0.9762928485870361,0.9655408263206482,nan,181.98969292640686,0.9994835309346517

2,0.971012532711029,0.9796801805496216,0.9839333891868591,0.979512095451355,0.971012532711029,nan,186.1651804447174,0.9993663995361328
3,0.9610678553581238,0.9850338697433472,0.9863985776901245,0.9827694892883301,0.9610678553581238,nan,186.28733682632446,0.9967566428629557
4,0.959608793258667,0.9868871569633484,0.9846675395965576,0.9833616018295288,0.959608793258667,nan,183.44532895088196,0.999001143544515
5,0.9744912981987,0.9884676933288574,0.9878437519073486,0.9846619367599487,0.9744912981987,nan,182.54511642456055,0.998124858601888

