epoch,loss,epoch_elapsed
0,0.05510100722312927,66.73832774162292
1,0.05509914830327034,66.90390515327454
2,0.05507819727063179,66.65854167938232
3,0.055081769824028015,66.9257185459137
4,0.05508071184158325,66.89025783538818
5,0.055079128593206406,65.89744067192078
