epoch,balanced_accuracy,balanced_accuracy_Other,balanced_accuracy_TypeA,balanced_accuracy_TypeB,balanced_accuracy_TypeC,balanced_accuracy_const_1,elapsed,mean_valid
0,0.9394067525863647,0.9913351535797119,0.9729623794555664,0.9878934621810913,0.9394067525863647,nan,180.8063361644745,0.9991845225016276
1,0.9780689477920532,0.994411826133728,0.9780689477920532,0.9926067590713501,0.991392195224762,nan,182.4531695842743,0.9995832458496093

2,0.9836326837539673,0.9949808716773987,0.984427273273468,0.9929928779602051,0.9836326837539673,nan,181.76457285881042,0.9995211891174316
3,0.990186333656311,0.9937329292297363,0.9904460906982422,0.9905622601509094,0.990186333656311,nan,183.69619965553284,0.9997035425313314

4,0.9918903112411499,0.9966186285018921,0.9918903112411499,0.9952489137649536,0.9935753345489502,nan,181.16220784187317,0.9997380359395345
5,0.9880852699279785,0.9952824115753174,0.9906827211380005,0.9947307109832764,0.9880852699279785,nan,180.17369031906128,0.9996640896606446

