epoch,balanced_accuracy,balanced_accuracy_Other,balanced_accuracy_TypeA,balanced_accuracy_TypeB,balanced_accuracy_TypeC,balanced_accuracy_const_1,elapsed,mean_valid
0,0.9812893867492676,0.991039514541626,0.9812893867492676,0.9883487224578857,0.9818822741508484,nan,185.82177114486694,0.9994399674479166
1,0.9839099049568176,0.9945303797721863,0.9839099049568176,0.9917702078819275,0.9911540746688843,nan,183.27211666107178,0.9998984212239583
2,0.9909415245056152,0.994683563709259,0.9915464520454407,0.9909415245056152,0.9926186800003052,nan,182.46621179580688,0.9997624445597331
3,0.5,0.5,0.5,0.5,0.5,nan,202.35863876342773,0.0
4,0.5,0.5,0.5,0.5,0.5,nan,179.93909883499146,0.0
5,0.5,0.5,0.5,0.5,0.5,nan,179.0580291748047,0.0

