epoch,balanced_accuracy_AtLeast2FreightWagons,balanced_accuracy_AtLeast2LongWagons,balanced_accuracy_AtLeast2PassengerCars,balanced_accuracy_AtLeast3Wagons,balanced_accuracy_EmptyWagon,balanced_accuracy_FreightWagon,balanced_accuracy_LongPassengerCar,balanced_accuracy_LongWagon,balanced_accuracy_PassengerCar,balanced_accuracy_ReinforcedCar,correlation_AtLeast2FreightWagons,correlation_AtLeast2LongWagons,correlation_AtLeast2PassengerCars,correlation_AtLeast3Wagons,correlation_EmptyWagon,correlation_FreightWagon,correlation_LongPassengerCar,correlation_LongWagon,correlation_PassengerCar,correlation_ReinforcedCar
0,0.5,0.45040562748908997,0.6071892976760864,0.8611981272697449,0.7679275274276733,0.6074749231338501,0.5,0.40340933203697205,0.651656985282898,0.6503050327301025,-0.012695696204900742,-0.12673282623291016,0.05591525509953499,0.6122246980667114,0.5960979461669922,0.1682557463645935,nan,-0.16942498087882996,0.4903540015220642,0.4272902011871338
1,0.5,0.4791301488876343,0.6141458749771118,0.9014873504638672,0.7676069736480713,0.6421773433685303,0.5,0.502320408821106,0.6737651228904724,0.6427708864212036,-0.004722235724329948,-0.07987071573734283,0.028516558930277824,0.5875571966171265,0.5918202996253967,0.17131736874580383,-0.0020485331770032644,0.023006699979305267,0.5160833597183228,0.4101879298686981
2,0.49995145201683044,0.4784623980522156,0.6096487045288086,0.9023529291152954,0.7680177688598633,0.5960569381713867,0.499916672706604,0.5366773009300232,0.6598991751670837,0.6612448692321777,-0.027033135294914246,-0.08185660094022751,0.022404156625270844,0.6302148699760437,0.5883635878562927,0.09658899903297424,-0.0014215231640264392,0.05938982963562012,0.37046340107917786,0.43161314725875854
3,0.5,0.5,0.5044546127319336,0.5,0.5,0.5,0.5,0.5,0.5,0.5,-0.04585123434662819,-0.03211574628949165,0.011841529980301857,nan,nan,nan,-0.024150574579834938,-0.030041061341762543,nan,nan
4,0.5,0.5,0.5044546127319336,0.5,0.5,0.5,0.5,0.5,0.5,0.5,-0.04585123434662819,-0.03211574628949165,0.011841529980301857,nan,nan,nan,-0.024150574579834938,-0.030041061341762543,nan,nan
5,0.5,0.5,0.5044546127319336,0.5,0.5,0.5,0.5,0.5,0.5,0.5,-0.04585123434662819,-0.03211574628949165,0.011841529980301857,nan,nan,nan,-0.024150574579834938,-0.030041061341762543,nan,nan

