,negative,positive
N[0],0.32870573,0.6712943
N[1],0.89512855,0.10487143
N[2],0.13973428,0.86026573
N[3],0.94963145,0.05036857
N[4],0.9983,0.0017
N[5],0.35987428,0.6401257
N[6],0.33440286,0.66559714
N[7],0.84272,0.15728
N[8],0.24859715,0.75140285
N[9],0.87871426,0.121285714
