epoch,balanced_accuracy_AtLeast2FreightWagons,balanced_accuracy_AtLeast2LongWagons,balanced_accuracy_AtLeast2PassengerCars,balanced_accuracy_AtLeast3Wagons,balanced_accuracy_EmptyWagon,balanced_accuracy_FreightWagon,balanced_accuracy_LongPassengerCar,balanced_accuracy_LongWagon,balanced_accuracy_PassengerCar,balanced_accuracy_ReinforcedCar,correlation_AtLeast2FreightWagons,correlation_AtLeast2LongWagons,correlation_AtLeast2PassengerCars,correlation_AtLeast3Wagons,correlation_EmptyWagon,correlation_FreightWagon,correlation_LongPassengerCar,correlation_LongWagon,correlation_PassengerCar,correlation_ReinforcedCar
0,0.5,0.5,0.5,0.5,0.5,0.6815682053565979,0.5,0.4966545104980469,0.6585506200790405,0.6379779577255249,nan,nan,nan,-0.005057449918240309,nan,0.25020632147789,-0.002484396332874894,0.3534966707229614,0.1393158882856369,0.2786705791950226
1,0.5,0.5,0.5,0.5,0.5129932761192322,0.7000249624252319,0.5,0.518701434135437,0.6557314991950989,0.6523576974868774,nan,nan,nan,0.01946342922747135,0.13757532835006714,0.23467671871185303,-0.00827998947352171,0.3592599630355835,0.1980142444372177,0.14784084260463715

2,0.49996763467788696,0.5,0.5,0.8090637922286987,0.5023259520530701,0.6770146489143372,0.5,0.547491192817688,0.6513420343399048,0.6441795825958252,-0.023722335696220398,nan,nan,0.5948477387428284,0.09051983803510666,0.14886340498924255,-0.0009832846699282527,0.33715224266052246,0.17857851088047028,0.20606400072574615
3,0.5,0.5,0.5,0.8576867580413818,0.5000401139259338,0.7010747194290161,0.5,0.5307503938674927,0.6805996298789978,0.559318482875824,nan,nan,-0.0007663514115847647,0.6319924592971802,0.018402647227048874,0.16680724918842316,-0.002130508655682206,0.3051142692565918,0.25709134340286255,-0.03225729987025261
4,0.5,0.5,0.5,0.8777745962142944,0.5,0.6951292157173157,0.5,0.5309491753578186,0.6731342673301697,0.5417591333389282,nan,-0.002998253796249628,nan,0.646441638469696,nan,0.17600056529045105,nan,0.32347941398620605,0.18099458515644073,-0.025362875312566757
5,0.5,0.5,0.5,0.8748745918273926,0.5,0.7012544870376587,0.5,0.5292870402336121,0.6637877225875854,0.629723310470581,nan,-0.0027218509931117296,nan,0.6571441888809204,nan,0.09389203786849976,nan,0.2704615592956543,0.30150866508483887,0.11472944170236588

