epoch,balanced_accuracy,balanced_accuracy_Other,balanced_accuracy_TypeA,balanced_accuracy_TypeB,balanced_accuracy_TypeC,balanced_accuracy_const_1,elapsed,mean_valid
0,0.9245885014533997,0.9851802587509155,0.9645720720291138,0.9716778993606567,0.9245885014533997,nan,193.10386753082275,0.9994671204121908
1,0.9907749891281128,0.9940222501754761,0.9917001724243164,0.9928514957427979,0.9907749891281128,nan,190.5887622833252,0.9998477528889974

2,0.9921272397041321,0.9961334466934204,0.9934052228927612,0.9960727691650391,0.9921272397041321,nan,194.00075697898865,0.9999241557820638
3,0.9906401038169861,0.9974408149719238,0.9933463335037231,0.9961107969284058,0.9906401038169861,nan,195.96538472175598,0.9999537721761068
4,0.9912102222442627,0.9974818229675293,0.9912102222442627,0.9967023134231567,0.9934123754501343,nan,194.48790502548218,0.9999507778422038
5,0.9937781095504761,0.9967262148857117,0.9945944547653198,0.9964799880981445,0.9937781095504761,nan,189.07373189926147,0.9997721099853516

