epoch,balanced_accuracy_AtLeast2FreightWagons,balanced_accuracy_AtLeast2LongWagons,balanced_accuracy_AtLeast2PassengerCars,balanced_accuracy_AtLeast3Wagons,balanced_accuracy_EmptyWagon,balanced_accuracy_FreightWagon,balanced_accuracy_LongPassengerCar,balanced_accuracy_LongWagon,balanced_accuracy_PassengerCar,balanced_accuracy_ReinforcedCar,correlation_AtLeast2FreightWagons,correlation_AtLeast2LongWagons,correlation_AtLeast2PassengerCars,correlation_AtLeast3Wagons,correlation_EmptyWagon,correlation_FreightWagon,correlation_LongPassengerCar,correlation_LongWagon,correlation_PassengerCar,correlation_ReinforcedCar
0,0.4999838173389435,0.4999835193157196,0.5595711469650269,0.7876883745193481,0.6609364748001099,0.5,0.4999849796295166,0.5895209312438965,0.4549967348575592,0.4917004108428955,-0.0065584564581513405,-0.0063229771330952644,-0.0008281386108137667,0.6091511249542236,0.05352918058633804,0.0015621560160070658,-0.006621938198804855,0.34101173281669617,-0.10186336934566498,-0.06161333620548248
1,0.5,0.4999212920665741,0.4815804362297058,0.8484477400779724,0.6335949301719666,0.5,0.5,0.5186058282852173,0.4821106195449829,0.488789439201355,-0.00861823558807373,-0.00509228790178895,-0.04371664300560951,0.5546292066574097,-0.010828182101249695,nan,nan,0.23014947772026062,0.1114201545715332,-0.06430745869874954

2,0.5,0.5,0.5910055637359619,0.8605935573577881,0.5929221510887146,0.4985201060771942,0.5,0.5001338720321655,0.493906706571579,0.487145334482193,nan,nan,0.021285776048898697,0.5464621186256409,-0.06401769071817398,-0.06183738261461258,nan,0.22286513447761536,0.17227107286453247,-0.07614913582801819
3,0.5000016689300537,0.5,0.5515620112419128,0.8469101190567017,0.5834265947341919,0.5,0.5,0.5158005356788635,0.5009064078330994,0.48769158124923706,0.007429402321577072,nan,0.009280666708946228,0.5240095853805542,-0.08667568117380142,-0.012031059712171555,nan,0.19761766493320465,0.20221100747585297,-0.06364113092422485
4,0.5,0.5,0.4857650399208069,0.8500477075576782,0.579782247543335,0.5,0.5,0.5044089555740356,0.49038398265838623,0.48725515604019165,-0.004362388048321009,nan,-0.047331295907497406,0.5273959636688232,-0.08093247562646866,-0.01203105878084898,nan,0.18850494921207428,0.21011146903038025,-0.0708974227309227
5,0.5,0.5,0.5,0.5,0.5,0.5,0.5,0.5,0.5,0.5,nan,nan,nan,nan,nan,nan,nan,nan,nan,nan

