epoch,balanced_accuracy,balanced_accuracy_Other,balanced_accuracy_TypeA,balanced_accuracy_TypeB,balanced_accuracy_TypeC,balanced_accuracy_const_1,elapsed,mean_valid
0,0.8839924335479736,0.9418681263923645,0.9180387854576111,0.9366236925125122,0.8839924335479736,nan,185.3177502155304,0.9990442627461751
1,0.966718316078186,0.9741614460945129,0.9705008268356323,0.972549557685852,0.966718316078186,nan,182.97758316993713,0.999111934153239

2,0.9405727386474609,0.9804013967514038,0.9745755195617676,0.9776132702827454,0.9405727386474609,nan,182.4980936050415,0.9989207855733235
3,0.9549837112426758,0.983879804611206,0.9830052852630615,0.9805283546447754,0.9549837112426758,nan,183.481862783432,0.9983459181213379
4,0.9724600911140442,0.9883263111114502,0.9797061681747437,0.9827772974967957,0.9724600911140442,nan,202.3861973285675,0.9992795953877767
5,0.5,0.5,0.5,0.5,0.5,nan,182.07634377479553,0.7901780605061849

