epoch,loss,epoch_elapsed
0,0.05511517822742462,78.98637390136719
1,0.05503062903881073,78.90186548233032
2,0.054961808025836945,73.2256932258606
3,0.054951105266809464,72.76524448394775
4,0.05495818704366684,71.78911066055298
5,0.0550638809800148,73.01377511024475
6,0.05509013682603836,72.02502107620239
7,0.05506008490920067,72.76130056381226
8,0.05506005883216858,72.71078133583069
9,0.05506165698170662,72.89784932136536
10,0.055069200694561005,72.89146304130554



